,object,object_name,sub,route,route_code,start_goal,loc,loc_x,loc_z,loc_code
1,ornament,#=Ornament^*,1,1,1_direct,goal,"[150, 50]",150,50,loc12
2,globe,#=+Globe(@^*,1,2,1_indirect,goal,"[0, 50]",0,50,loc9
3,pig,#=+.Pig(@.^*,1,3,2_direct,goal,"[150, 130]",150,130,loc4
4,bread,#=+Bread(@^*,1,4,2_indirect,goal,"[0, 130]",0,130,loc1
5,teddybear,#=Teddybear*,1,5,3_direct,goal,"[150, 0]",150,0,loc16
6,television,#Television*,1,6,3_indirect,goal,"[0, 0]",0,0,loc13
7,candlestick,#Candlestick*,1,7,4_direct,goal,"[100, 90]",100,90,loc7
8,calculator,#Calculator*,1,8,4_indirect,goal,"[50, 90]",50,90,loc6
9,wrench,#=+Wrench@^*,1,1,1_direct,start,"[50, 130]",50,130,loc2
10,star,#=+.Star(@^*,1,2,1_indirect,start,"[100, 130]",100,130,loc3
11,flower,#=+Flower@^*,1,3,2_direct,start,"[0, 90]",0,90,loc5
12,snowman,#=Snowman@^*,1,4,2_indirect,start,"[150, 90]",150,90,loc8
13,windmill,#=Windmill^*,1,5,3_direct,start,"[50, 50]",50,50,loc10
14,guitar,#=+Guitar@^*,1,6,3_indirect,start,"[100, 50]",100,50,loc11
15,skateboard,#Skateboard*,1,7,4_direct,start,"[100, 0]",100,0,loc15
16,dumbbell,#=Dumbbell^*,1,8,4_indirect,start,"[50, 0]",50,0,loc14
17,skateboard,#Skateboard*,2,1,1_direct,goal,"[150, 50]",150,50,loc12
18,pig,#=+.Pig(@.^*,2,2,1_indirect,goal,"[0, 50]",0,50,loc9
19,snowman,#=Snowman@^*,2,3,2_direct,goal,"[150, 130]",150,130,loc4
20,wrench,#=+Wrench@^*,2,4,2_indirect,goal,"[0, 130]",0,130,loc1
21,calculator,#Calculator*,2,5,3_direct,goal,"[150, 0]",150,0,loc16
22,globe,#=+Globe(@^*,2,6,3_indirect,goal,"[0, 0]",0,0,loc13
23,star,#=+.Star(@^*,2,7,4_direct,goal,"[100, 90]",100,90,loc7
24,bread,#=+Bread(@^*,2,8,4_indirect,goal,"[50, 90]",50,90,loc6
25,windmill,#=Windmill^*,2,1,1_direct,start,"[50, 130]",50,130,loc2
26,television,#Television*,2,2,1_indirect,start,"[100, 130]",100,130,loc3
27,teddybear,#=Teddybear*,2,3,2_direct,start,"[0, 90]",0,90,loc5
28,flower,#=+Flower@^*,2,4,2_indirect,start,"[150, 90]",150,90,loc8
29,guitar,#=+Guitar@^*,2,5,3_direct,start,"[50, 50]",50,50,loc10
30,ornament,#=Ornament^*,2,6,3_indirect,start,"[100, 50]",100,50,loc11
31,candlestick,#Candlestick*,2,7,4_direct,start,"[100, 0]",100,0,loc15
32,dumbbell,#=Dumbbell^*,2,8,4_indirect,start,"[50, 0]",50,0,loc14
33,globe,#=+Globe(@^*,3,1,1_direct,goal,"[150, 50]",150,50,loc12
34,teddybear,#=Teddybear*,3,2,1_indirect,goal,"[0, 50]",0,50,loc9
35,guitar,#=+Guitar@^*,3,3,2_direct,goal,"[150, 130]",150,130,loc4
36,flower,#=+Flower@^*,3,4,2_indirect,goal,"[0, 130]",0,130,loc1
37,windmill,#=Windmill^*,3,5,3_direct,goal,"[150, 0]",150,0,loc16
38,star,#=+.Star(@^*,3,6,3_indirect,goal,"[0, 0]",0,0,loc13
39,ornament,#=Ornament^*,3,7,4_direct,goal,"[100, 90]",100,90,loc7
40,snowman,#=Snowman@^*,3,8,4_indirect,goal,"[50, 90]",50,90,loc6
41,bread,#=+Bread(@^*,3,1,1_direct,start,"[50, 130]",50,130,loc2
42,skateboard,#Skateboard*,3,2,1_indirect,start,"[100, 130]",100,130,loc3
43,pig,#=+.Pig(@.^*,3,3,2_direct,start,"[0, 90]",0,90,loc5
44,television,#Television*,3,4,2_indirect,start,"[150, 90]",150,90,loc8
45,wrench,#=+Wrench@^*,3,5,3_direct,start,"[50, 50]",50,50,loc10
46,candlestick,#Candlestick*,3,6,3_indirect,start,"[100, 50]",100,50,loc11
47,calculator,#Calculator*,3,7,4_direct,start,"[100, 0]",100,0,loc15
48,dumbbell,#=Dumbbell^*,3,8,4_indirect,start,"[50, 0]",50,0,loc14
49,teddybear,#=Teddybear*,4,1,1_direct,goal,"[150, 50]",150,50,loc12
50,guitar,#=+Guitar@^*,4,2,1_indirect,goal,"[0, 50]",0,50,loc9
51,star,#=+.Star(@^*,4,3,2_direct,goal,"[150, 130]",150,130,loc4
52,wrench,#=+Wrench@^*,4,4,2_indirect,goal,"[0, 130]",0,130,loc1
53,bread,#=+Bread(@^*,4,5,3_direct,goal,"[150, 0]",150,0,loc16
54,flower,#=+Flower@^*,4,6,3_indirect,goal,"[0, 0]",0,0,loc13
55,windmill,#=Windmill^*,4,7,4_direct,goal,"[100, 90]",100,90,loc7
56,pig,#=+.Pig(@.^*,4,8,4_indirect,goal,"[50, 90]",50,90,loc6
57,dumbbell,#=Dumbbell^*,4,1,1_direct,start,"[50, 130]",50,130,loc2
58,globe,#=+Globe(@^*,4,2,1_indirect,start,"[100, 130]",100,130,loc3
59,television,#Television*,4,3,2_direct,start,"[0, 90]",0,90,loc5
60,candlestick,#Candlestick*,4,4,2_indirect,start,"[150, 90]",150,90,loc8
61,skateboard,#Skateboard*,4,5,3_direct,start,"[50, 50]",50,50,loc10
62,ornament,#=Ornament^*,4,6,3_indirect,start,"[100, 50]",100,50,loc11
63,snowman,#=Snowman@^*,4,7,4_direct,start,"[100, 0]",100,0,loc15
64,calculator,#Calculator*,4,8,4_indirect,start,"[50, 0]",50,0,loc14
65,television,#Television*,5,1,1_direct,goal,"[150, 50]",150,50,loc12
66,calculator,#Calculator*,5,2,1_indirect,goal,"[0, 50]",0,50,loc9
67,teddybear,#=Teddybear*,5,3,2_direct,goal,"[150, 130]",150,130,loc4
68,snowman,#=Snowman@^*,5,4,2_indirect,goal,"[0, 130]",0,130,loc1
69,guitar,#=+Guitar@^*,5,5,3_direct,goal,"[150, 0]",150,0,loc16
70,flower,#=+Flower@^*,5,6,3_indirect,goal,"[0, 0]",0,0,loc13
71,wrench,#=+Wrench@^*,5,7,4_direct,goal,"[100, 90]",100,90,loc7
72,pig,#=+.Pig(@.^*,5,8,4_indirect,goal,"[50, 90]",50,90,loc6
73,windmill,#=Windmill^*,5,1,1_direct,start,"[50, 130]",50,130,loc2
74,star,#=+.Star(@^*,5,2,1_indirect,start,"[100, 130]",100,130,loc3
75,candlestick,#Candlestick*,5,3,2_direct,start,"[0, 90]",0,90,loc5
76,ornament,#=Ornament^*,5,4,2_indirect,start,"[150, 90]",150,90,loc8
77,skateboard,#Skateboard*,5,5,3_direct,start,"[50, 50]",50,50,loc10
78,globe,#=+Globe(@^*,5,6,3_indirect,start,"[100, 50]",100,50,loc11
79,dumbbell,#=Dumbbell^*,5,7,4_direct,start,"[100, 0]",100,0,loc15
80,bread,#=+Bread(@^*,5,8,4_indirect,start,"[50, 0]",50,0,loc14
81,teddybear,#=Teddybear*,6,1,1_direct,goal,"[150, 50]",150,50,loc12
82,pig,#=+.Pig(@.^*,6,2,1_indirect,goal,"[0, 50]",0,50,loc9
83,calculator,#Calculator*,6,3,2_direct,goal,"[150, 130]",150,130,loc4
84,candlestick,#Candlestick*,6,4,2_indirect,goal,"[0, 130]",0,130,loc1
85,windmill,#=Windmill^*,6,5,3_direct,goal,"[150, 0]",150,0,loc16
86,television,#Television*,6,6,3_indirect,goal,"[0, 0]",0,0,loc13
87,snowman,#=Snowman@^*,6,7,4_direct,goal,"[100, 90]",100,90,loc7
88,flower,#=+Flower@^*,6,8,4_indirect,goal,"[50, 90]",50,90,loc6
89,ornament,#=Ornament^*,6,1,1_direct,start,"[50, 130]",50,130,loc2
90,bread,#=+Bread(@^*,6,2,1_indirect,start,"[100, 130]",100,130,loc3
91,wrench,#=+Wrench@^*,6,3,2_direct,start,"[0, 90]",0,90,loc5
92,globe,#=+Globe(@^*,6,4,2_indirect,start,"[150, 90]",150,90,loc8
93,guitar,#=+Guitar@^*,6,5,3_direct,start,"[50, 50]",50,50,loc10
94,star,#=+.Star(@^*,6,6,3_indirect,start,"[100, 50]",100,50,loc11
95,dumbbell,#=Dumbbell^*,6,7,4_direct,start,"[100, 0]",100,0,loc15
96,skateboard,#Skateboard*,6,8,4_indirect,start,"[50, 0]",50,0,loc14
97,dumbbell,#=Dumbbell^*,7,1,1_direct,goal,"[150, 50]",150,50,loc12
98,pig,#=+.Pig(@.^*,7,2,1_indirect,goal,"[0, 50]",0,50,loc9
99,globe,#=+Globe(@^*,7,3,2_direct,goal,"[150, 130]",150,130,loc4
100,snowman,#=Snowman@^*,7,4,2_indirect,goal,"[0, 130]",0,130,loc1
101,wrench,#=+Wrench@^*,7,5,3_direct,goal,"[150, 0]",150,0,loc16
102,candlestick,#Candlestick*,7,6,3_indirect,goal,"[0, 0]",0,0,loc13
103,bread,#=+Bread(@^*,7,7,4_direct,goal,"[100, 90]",100,90,loc7
104,star,#=+.Star(@^*,7,8,4_indirect,goal,"[50, 90]",50,90,loc6
105,guitar,#=+Guitar@^*,7,1,1_direct,start,"[50, 130]",50,130,loc2
106,windmill,#=Windmill^*,7,2,1_indirect,start,"[100, 130]",100,130,loc3
107,teddybear,#=Teddybear*,7,3,2_direct,start,"[0, 90]",0,90,loc5
108,television,#Television*,7,4,2_indirect,start,"[150, 90]",150,90,loc8
109,ornament,#=Ornament^*,7,5,3_direct,start,"[50, 50]",50,50,loc10
110,calculator,#Calculator*,7,6,3_indirect,start,"[100, 50]",100,50,loc11
111,skateboard,#Skateboard*,7,7,4_direct,start,"[100, 0]",100,0,loc15
112,flower,#=+Flower@^*,7,8,4_indirect,start,"[50, 0]",50,0,loc14
113,star,#=+.Star(@^*,8,1,1_direct,goal,"[150, 50]",150,50,loc12
114,skateboard,#Skateboard*,8,2,1_indirect,goal,"[0, 50]",0,50,loc9
115,globe,#=+Globe(@^*,8,3,2_direct,goal,"[150, 130]",150,130,loc4
116,television,#Television*,8,4,2_indirect,goal,"[0, 130]",0,130,loc1
117,flower,#=+Flower@^*,8,5,3_direct,goal,"[150, 0]",150,0,loc16
118,dumbbell,#=Dumbbell^*,8,6,3_indirect,goal,"[0, 0]",0,0,loc13
119,windmill,#=Windmill^*,8,7,4_direct,goal,"[100, 90]",100,90,loc7
120,guitar,#=+Guitar@^*,8,8,4_indirect,goal,"[50, 90]",50,90,loc6
121,teddybear,#=Teddybear*,8,1,1_direct,start,"[50, 130]",50,130,loc2
122,calculator,#Calculator*,8,2,1_indirect,start,"[100, 130]",100,130,loc3
123,wrench,#=+Wrench@^*,8,3,2_direct,start,"[0, 90]",0,90,loc5
124,ornament,#=Ornament^*,8,4,2_indirect,start,"[150, 90]",150,90,loc8
125,candlestick,#Candlestick*,8,5,3_direct,start,"[50, 50]",50,50,loc10
126,pig,#=+.Pig(@.^*,8,6,3_indirect,start,"[100, 50]",100,50,loc11
127,bread,#=+Bread(@^*,8,7,4_direct,start,"[100, 0]",100,0,loc15
128,snowman,#=Snowman@^*,8,8,4_indirect,start,"[50, 0]",50,0,loc14
129,windmill,#=Windmill^*,9,1,1_direct,goal,"[150, 50]",150,50,loc12
130,globe,#=+Globe(@^*,9,2,1_indirect,goal,"[0, 50]",0,50,loc9
131,bread,#=+Bread(@^*,9,3,2_direct,goal,"[150, 130]",150,130,loc4
132,television,#Television*,9,4,2_indirect,goal,"[0, 130]",0,130,loc1
133,guitar,#=+Guitar@^*,9,5,3_direct,goal,"[150, 0]",150,0,loc16
134,teddybear,#=Teddybear*,9,6,3_indirect,goal,"[0, 0]",0,0,loc13
135,skateboard,#Skateboard*,9,7,4_direct,goal,"[100, 90]",100,90,loc7
136,flower,#=+Flower@^*,9,8,4_indirect,goal,"[50, 90]",50,90,loc6
137,star,#=+.Star(@^*,9,1,1_direct,start,"[50, 130]",50,130,loc2
138,dumbbell,#=Dumbbell^*,9,2,1_indirect,start,"[100, 130]",100,130,loc3
139,calculator,#Calculator*,9,3,2_direct,start,"[0, 90]",0,90,loc5
140,pig,#=+.Pig(@.^*,9,4,2_indirect,start,"[150, 90]",150,90,loc8
141,ornament,#=Ornament^*,9,5,3_direct,start,"[50, 50]",50,50,loc10
142,snowman,#=Snowman@^*,9,6,3_indirect,start,"[100, 50]",100,50,loc11
143,wrench,#=+Wrench@^*,9,7,4_direct,start,"[100, 0]",100,0,loc15
144,candlestick,#Candlestick*,9,8,4_indirect,start,"[50, 0]",50,0,loc14
145,dumbbell,#=Dumbbell^*,10,1,1_direct,goal,"[150, 50]",150,50,loc12
146,calculator,#Calculator*,10,2,1_indirect,goal,"[0, 50]",0,50,loc9
147,windmill,#=Windmill^*,10,3,2_direct,goal,"[150, 130]",150,130,loc4
148,candlestick,#Candlestick*,10,4,2_indirect,goal,"[0, 130]",0,130,loc1
149,flower,#=+Flower@^*,10,5,3_direct,goal,"[150, 0]",150,0,loc16
150,star,#=+.Star(@^*,10,6,3_indirect,goal,"[0, 0]",0,0,loc13
151,pig,#=+.Pig(@.^*,10,7,4_direct,goal,"[100, 90]",100,90,loc7
152,snowman,#=Snowman@^*,10,8,4_indirect,goal,"[50, 90]",50,90,loc6
153,teddybear,#=Teddybear*,10,1,1_direct,start,"[50, 130]",50,130,loc2
154,bread,#=+Bread(@^*,10,2,1_indirect,start,"[100, 130]",100,130,loc3
155,television,#Television*,10,3,2_direct,start,"[0, 90]",0,90,loc5
156,skateboard,#Skateboard*,10,4,2_indirect,start,"[150, 90]",150,90,loc8
157,globe,#=+Globe(@^*,10,5,3_direct,start,"[50, 50]",50,50,loc10
158,wrench,#=+Wrench@^*,10,6,3_indirect,start,"[100, 50]",100,50,loc11
159,ornament,#=Ornament^*,10,7,4_direct,start,"[100, 0]",100,0,loc15
160,guitar,#=+Guitar@^*,10,8,4_indirect,start,"[50, 0]",50,0,loc14
161,skateboard,#Skateboard*,11,1,1_direct,goal,"[150, 50]",150,50,loc12
162,guitar,#=+Guitar@^*,11,2,1_indirect,goal,"[0, 50]",0,50,loc9
163,wrench,#=+Wrench@^*,11,3,2_direct,goal,"[150, 130]",150,130,loc4
164,television,#Television*,11,4,2_indirect,goal,"[0, 130]",0,130,loc1
165,globe,#=+Globe(@^*,11,5,3_direct,goal,"[150, 0]",150,0,loc16
166,star,#=+.Star(@^*,11,6,3_indirect,goal,"[0, 0]",0,0,loc13
167,calculator,#Calculator*,11,7,4_direct,goal,"[100, 90]",100,90,loc7
168,ornament,#=Ornament^*,11,8,4_indirect,goal,"[50, 90]",50,90,loc6
169,snowman,#=Snowman@^*,11,1,1_direct,start,"[50, 130]",50,130,loc2
170,pig,#=+.Pig(@.^*,11,2,1_indirect,start,"[100, 130]",100,130,loc3
171,flower,#=+Flower@^*,11,3,2_direct,start,"[0, 90]",0,90,loc5
172,bread,#=+Bread(@^*,11,4,2_indirect,start,"[150, 90]",150,90,loc8
173,dumbbell,#=Dumbbell^*,11,5,3_direct,start,"[50, 50]",50,50,loc10
174,windmill,#=Windmill^*,11,6,3_indirect,start,"[100, 50]",100,50,loc11
175,teddybear,#=Teddybear*,11,7,4_direct,start,"[100, 0]",100,0,loc15
176,candlestick,#Candlestick*,11,8,4_indirect,start,"[50, 0]",50,0,loc14
177,calculator,#Calculator*,12,1,1_direct,goal,"[150, 50]",150,50,loc12
178,teddybear,#=Teddybear*,12,2,1_indirect,goal,"[0, 50]",0,50,loc9
179,snowman,#=Snowman@^*,12,3,2_direct,goal,"[150, 130]",150,130,loc4
180,star,#=+.Star(@^*,12,4,2_indirect,goal,"[0, 130]",0,130,loc1
181,windmill,#=Windmill^*,12,5,3_direct,goal,"[150, 0]",150,0,loc16
182,flower,#=+Flower@^*,12,6,3_indirect,goal,"[0, 0]",0,0,loc13
183,wrench,#=+Wrench@^*,12,7,4_direct,goal,"[100, 90]",100,90,loc7
184,bread,#=+Bread(@^*,12,8,4_indirect,goal,"[50, 90]",50,90,loc6
185,television,#Television*,12,1,1_direct,start,"[50, 130]",50,130,loc2
186,guitar,#=+Guitar@^*,12,2,1_indirect,start,"[100, 130]",100,130,loc3
187,candlestick,#Candlestick*,12,3,2_direct,start,"[0, 90]",0,90,loc5
188,globe,#=+Globe(@^*,12,4,2_indirect,start,"[150, 90]",150,90,loc8
189,pig,#=+.Pig(@.^*,12,5,3_direct,start,"[50, 50]",50,50,loc10
190,dumbbell,#=Dumbbell^*,12,6,3_indirect,start,"[100, 50]",100,50,loc11
191,skateboard,#Skateboard*,12,7,4_direct,start,"[100, 0]",100,0,loc15
192,ornament,#=Ornament^*,12,8,4_indirect,start,"[50, 0]",50,0,loc14
193,ornament,#=Ornament^*,13,1,1_direct,goal,"[150, 50]",150,50,loc12
194,skateboard,#Skateboard*,13,2,1_indirect,goal,"[0, 50]",0,50,loc9
195,candlestick,#Candlestick*,13,3,2_direct,goal,"[150, 130]",150,130,loc4
196,dumbbell,#=Dumbbell^*,13,4,2_indirect,goal,"[0, 130]",0,130,loc1
197,windmill,#=Windmill^*,13,5,3_direct,goal,"[150, 0]",150,0,loc16
198,globe,#=+Globe(@^*,13,6,3_indirect,goal,"[0, 0]",0,0,loc13
199,snowman,#=Snowman@^*,13,7,4_direct,goal,"[100, 90]",100,90,loc7
200,wrench,#=+Wrench@^*,13,8,4_indirect,goal,"[50, 90]",50,90,loc6
201,bread,#=+Bread(@^*,13,1,1_direct,start,"[50, 130]",50,130,loc2
202,pig,#=+.Pig(@.^*,13,2,1_indirect,start,"[100, 130]",100,130,loc3
203,guitar,#=+Guitar@^*,13,3,2_direct,start,"[0, 90]",0,90,loc5
204,television,#Television*,13,4,2_indirect,start,"[150, 90]",150,90,loc8
205,star,#=+.Star(@^*,13,5,3_direct,start,"[50, 50]",50,50,loc10
206,calculator,#Calculator*,13,6,3_indirect,start,"[100, 50]",100,50,loc11
207,teddybear,#=Teddybear*,13,7,4_direct,start,"[100, 0]",100,0,loc15
208,flower,#=+Flower@^*,13,8,4_indirect,start,"[50, 0]",50,0,loc14
209,calculator,#Calculator*,14,1,1_direct,goal,"[150, 50]",150,50,loc12
210,flower,#=+Flower@^*,14,2,1_indirect,goal,"[0, 50]",0,50,loc9
211,snowman,#=Snowman@^*,14,3,2_direct,goal,"[150, 130]",150,130,loc4
212,star,#=+.Star(@^*,14,4,2_indirect,goal,"[0, 130]",0,130,loc1
213,bread,#=+Bread(@^*,14,5,3_direct,goal,"[150, 0]",150,0,loc16
214,teddybear,#=Teddybear*,14,6,3_indirect,goal,"[0, 0]",0,0,loc13
215,television,#Television*,14,7,4_direct,goal,"[100, 90]",100,90,loc7
216,dumbbell,#=Dumbbell^*,14,8,4_indirect,goal,"[50, 90]",50,90,loc6
217,guitar,#=+Guitar@^*,14,1,1_direct,start,"[50, 130]",50,130,loc2
218,candlestick,#Candlestick*,14,2,1_indirect,start,"[100, 130]",100,130,loc3
219,ornament,#=Ornament^*,14,3,2_direct,start,"[0, 90]",0,90,loc5
220,pig,#=+.Pig(@.^*,14,4,2_indirect,start,"[150, 90]",150,90,loc8
221,wrench,#=+Wrench@^*,14,5,3_direct,start,"[50, 50]",50,50,loc10
222,windmill,#=Windmill^*,14,6,3_indirect,start,"[100, 50]",100,50,loc11
223,globe,#=+Globe(@^*,14,7,4_direct,start,"[100, 0]",100,0,loc15
224,skateboard,#Skateboard*,14,8,4_indirect,start,"[50, 0]",50,0,loc14
225,television,#Television*,15,1,1_direct,goal,"[150, 50]",150,50,loc12
226,teddybear,#=Teddybear*,15,2,1_indirect,goal,"[0, 50]",0,50,loc9
227,ornament,#=Ornament^*,15,3,2_direct,goal,"[150, 130]",150,130,loc4
228,windmill,#=Windmill^*,15,4,2_indirect,goal,"[0, 130]",0,130,loc1
229,skateboard,#Skateboard*,15,5,3_direct,goal,"[150, 0]",150,0,loc16
230,flower,#=+Flower@^*,15,6,3_indirect,goal,"[0, 0]",0,0,loc13
231,pig,#=+.Pig(@.^*,15,7,4_direct,goal,"[100, 90]",100,90,loc7
232,calculator,#Calculator*,15,8,4_indirect,goal,"[50, 90]",50,90,loc6
233,wrench,#=+Wrench@^*,15,1,1_direct,start,"[50, 130]",50,130,loc2
234,globe,#=+Globe(@^*,15,2,1_indirect,start,"[100, 130]",100,130,loc3
235,snowman,#=Snowman@^*,15,3,2_direct,start,"[0, 90]",0,90,loc5
236,guitar,#=+Guitar@^*,15,4,2_indirect,start,"[150, 90]",150,90,loc8
237,star,#=+.Star(@^*,15,5,3_direct,start,"[50, 50]",50,50,loc10
238,candlestick,#Candlestick*,15,6,3_indirect,start,"[100, 50]",100,50,loc11
239,dumbbell,#=Dumbbell^*,15,7,4_direct,start,"[100, 0]",100,0,loc15
240,bread,#=+Bread(@^*,15,8,4_indirect,start,"[50, 0]",50,0,loc14
241,pig,#=+.Pig(@.^*,16,1,1_direct,goal,"[150, 50]",150,50,loc12
242,ornament,#=Ornament^*,16,2,1_indirect,goal,"[0, 50]",0,50,loc9
243,bread,#=+Bread(@^*,16,3,2_direct,goal,"[150, 130]",150,130,loc4
244,globe,#=+Globe(@^*,16,4,2_indirect,goal,"[0, 130]",0,130,loc1
245,wrench,#=+Wrench@^*,16,5,3_direct,goal,"[150, 0]",150,0,loc16
246,candlestick,#Candlestick*,16,6,3_indirect,goal,"[0, 0]",0,0,loc13
247,skateboard,#Skateboard*,16,7,4_direct,goal,"[100, 90]",100,90,loc7
248,teddybear,#=Teddybear*,16,8,4_indirect,goal,"[50, 90]",50,90,loc6
249,dumbbell,#=Dumbbell^*,16,1,1_direct,start,"[50, 130]",50,130,loc2
250,snowman,#=Snowman@^*,16,2,1_indirect,start,"[100, 130]",100,130,loc3
251,calculator,#Calculator*,16,3,2_direct,start,"[0, 90]",0,90,loc5
252,guitar,#=+Guitar@^*,16,4,2_indirect,start,"[150, 90]",150,90,loc8
253,star,#=+.Star(@^*,16,5,3_direct,start,"[50, 50]",50,50,loc10
254,windmill,#=Windmill^*,16,6,3_indirect,start,"[100, 50]",100,50,loc11
255,television,#Television*,16,7,4_direct,start,"[100, 0]",100,0,loc15
256,flower,#=+Flower@^*,16,8,4_indirect,start,"[50, 0]",50,0,loc14
257,bread,#=+Bread(@^*,17,1,1_direct,goal,"[150, 50]",150,50,loc12
258,skateboard,#Skateboard*,17,2,1_indirect,goal,"[0, 50]",0,50,loc9
259,globe,#=+Globe(@^*,17,3,2_direct,goal,"[150, 130]",150,130,loc4
260,pig,#=+.Pig(@.^*,17,4,2_indirect,goal,"[0, 130]",0,130,loc1
261,star,#=+.Star(@^*,17,5,3_direct,goal,"[150, 0]",150,0,loc16
262,teddybear,#=Teddybear*,17,6,3_indirect,goal,"[0, 0]",0,0,loc13
263,calculator,#Calculator*,17,7,4_direct,goal,"[100, 90]",100,90,loc7
264,snowman,#=Snowman@^*,17,8,4_indirect,goal,"[50, 90]",50,90,loc6
265,windmill,#=Windmill^*,17,1,1_direct,start,"[50, 130]",50,130,loc2
266,candlestick,#Candlestick*,17,2,1_indirect,start,"[100, 130]",100,130,loc3
267,flower,#=+Flower@^*,17,3,2_direct,start,"[0, 90]",0,90,loc5
268,guitar,#=+Guitar@^*,17,4,2_indirect,start,"[150, 90]",150,90,loc8
269,ornament,#=Ornament^*,17,5,3_direct,start,"[50, 50]",50,50,loc10
270,wrench,#=+Wrench@^*,17,6,3_indirect,start,"[100, 50]",100,50,loc11
271,dumbbell,#=Dumbbell^*,17,7,4_direct,start,"[100, 0]",100,0,loc15
272,television,#Television*,17,8,4_indirect,start,"[50, 0]",50,0,loc14
273,teddybear,#=Teddybear*,18,1,1_direct,goal,"[150, 50]",150,50,loc12
274,pig,#=+.Pig(@.^*,18,2,1_indirect,goal,"[0, 50]",0,50,loc9
275,calculator,#Calculator*,18,3,2_direct,goal,"[150, 130]",150,130,loc4
276,television,#Television*,18,4,2_indirect,goal,"[0, 130]",0,130,loc1
277,globe,#=+Globe(@^*,18,5,3_direct,goal,"[150, 0]",150,0,loc16
278,ornament,#=Ornament^*,18,6,3_indirect,goal,"[0, 0]",0,0,loc13
279,flower,#=+Flower@^*,18,7,4_direct,goal,"[100, 90]",100,90,loc7
280,dumbbell,#=Dumbbell^*,18,8,4_indirect,goal,"[50, 90]",50,90,loc6
281,guitar,#=+Guitar@^*,18,1,1_direct,start,"[50, 130]",50,130,loc2
282,wrench,#=+Wrench@^*,18,2,1_indirect,start,"[100, 130]",100,130,loc3
283,bread,#=+Bread(@^*,18,3,2_direct,start,"[0, 90]",0,90,loc5
284,skateboard,#Skateboard*,18,4,2_indirect,start,"[150, 90]",150,90,loc8
285,candlestick,#Candlestick*,18,5,3_direct,start,"[50, 50]",50,50,loc10
286,snowman,#=Snowman@^*,18,6,3_indirect,start,"[100, 50]",100,50,loc11
287,star,#=+.Star(@^*,18,7,4_direct,start,"[100, 0]",100,0,loc15
288,windmill,#=Windmill^*,18,8,4_indirect,start,"[50, 0]",50,0,loc14
289,globe,#=+Globe(@^*,19,1,1_direct,goal,"[150, 50]",150,50,loc12
290,wrench,#=+Wrench@^*,19,2,1_indirect,goal,"[0, 50]",0,50,loc9
291,dumbbell,#=Dumbbell^*,19,3,2_direct,goal,"[150, 130]",150,130,loc4
292,ornament,#=Ornament^*,19,4,2_indirect,goal,"[0, 130]",0,130,loc1
293,calculator,#Calculator*,19,5,3_direct,goal,"[150, 0]",150,0,loc16
294,candlestick,#Candlestick*,19,6,3_indirect,goal,"[0, 0]",0,0,loc13
295,skateboard,#Skateboard*,19,7,4_direct,goal,"[100, 90]",100,90,loc7
296,teddybear,#=Teddybear*,19,8,4_indirect,goal,"[50, 90]",50,90,loc6
297,flower,#=+Flower@^*,19,1,1_direct,start,"[50, 130]",50,130,loc2
298,guitar,#=+Guitar@^*,19,2,1_indirect,start,"[100, 130]",100,130,loc3
299,snowman,#=Snowman@^*,19,3,2_direct,start,"[0, 90]",0,90,loc5
300,windmill,#=Windmill^*,19,4,2_indirect,start,"[150, 90]",150,90,loc8
301,television,#Television*,19,5,3_direct,start,"[50, 50]",50,50,loc10
302,star,#=+.Star(@^*,19,6,3_indirect,start,"[100, 50]",100,50,loc11
303,bread,#=+Bread(@^*,19,7,4_direct,start,"[100, 0]",100,0,loc15
304,pig,#=+.Pig(@.^*,19,8,4_indirect,start,"[50, 0]",50,0,loc14
305,bread,#=+Bread(@^*,20,1,1_direct,goal,"[150, 50]",150,50,loc12
306,candlestick,#Candlestick*,20,2,1_indirect,goal,"[0, 50]",0,50,loc9
307,guitar,#=+Guitar@^*,20,3,2_direct,goal,"[150, 130]",150,130,loc4
308,globe,#=+Globe(@^*,20,4,2_indirect,goal,"[0, 130]",0,130,loc1
309,dumbbell,#=Dumbbell^*,20,5,3_direct,goal,"[150, 0]",150,0,loc16
310,skateboard,#Skateboard*,20,6,3_indirect,goal,"[0, 0]",0,0,loc13
311,teddybear,#=Teddybear*,20,7,4_direct,goal,"[100, 90]",100,90,loc7
312,wrench,#=+Wrench@^*,20,8,4_indirect,goal,"[50, 90]",50,90,loc6
313,snowman,#=Snowman@^*,20,1,1_direct,start,"[50, 130]",50,130,loc2
314,flower,#=+Flower@^*,20,2,1_indirect,start,"[100, 130]",100,130,loc3
315,pig,#=+.Pig(@.^*,20,3,2_direct,start,"[0, 90]",0,90,loc5
316,ornament,#=Ornament^*,20,4,2_indirect,start,"[150, 90]",150,90,loc8
317,television,#Television*,20,5,3_direct,start,"[50, 50]",50,50,loc10
318,calculator,#Calculator*,20,6,3_indirect,start,"[100, 50]",100,50,loc11
319,star,#=+.Star(@^*,20,7,4_direct,start,"[100, 0]",100,0,loc15
320,windmill,#=Windmill^*,20,8,4_indirect,start,"[50, 0]",50,0,loc14
321,skateboard,#Skateboard*,21,1,1_direct,goal,"[150, 50]",150,50,loc12
322,candlestick,#Candlestick*,21,2,1_indirect,goal,"[0, 50]",0,50,loc9
323,pig,#=+.Pig(@.^*,21,3,2_direct,goal,"[150, 130]",150,130,loc4
324,flower,#=+Flower@^*,21,4,2_indirect,goal,"[0, 130]",0,130,loc1
325,wrench,#=+Wrench@^*,21,5,3_direct,goal,"[150, 0]",150,0,loc16
326,dumbbell,#=Dumbbell^*,21,6,3_indirect,goal,"[0, 0]",0,0,loc13
327,ornament,#=Ornament^*,21,7,4_direct,goal,"[100, 90]",100,90,loc7
328,star,#=+.Star(@^*,21,8,4_indirect,goal,"[50, 90]",50,90,loc6
329,snowman,#=Snowman@^*,21,1,1_direct,start,"[50, 130]",50,130,loc2
330,windmill,#=Windmill^*,21,2,1_indirect,start,"[100, 130]",100,130,loc3
331,calculator,#Calculator*,21,3,2_direct,start,"[0, 90]",0,90,loc5
332,guitar,#=+Guitar@^*,21,4,2_indirect,start,"[150, 90]",150,90,loc8
333,teddybear,#=Teddybear*,21,5,3_direct,start,"[50, 50]",50,50,loc10
334,television,#Television*,21,6,3_indirect,start,"[100, 50]",100,50,loc11
335,globe,#=+Globe(@^*,21,7,4_direct,start,"[100, 0]",100,0,loc15
336,bread,#=+Bread(@^*,21,8,4_indirect,start,"[50, 0]",50,0,loc14
337,television,#Television*,22,1,1_direct,goal,"[150, 50]",150,50,loc12
338,calculator,#Calculator*,22,2,1_indirect,goal,"[0, 50]",0,50,loc9
339,snowman,#=Snowman@^*,22,3,2_direct,goal,"[150, 130]",150,130,loc4
340,bread,#=+Bread(@^*,22,4,2_indirect,goal,"[0, 130]",0,130,loc1
341,flower,#=+Flower@^*,22,5,3_direct,goal,"[150, 0]",150,0,loc16
342,pig,#=+.Pig(@.^*,22,6,3_indirect,goal,"[0, 0]",0,0,loc13
343,wrench,#=+Wrench@^*,22,7,4_direct,goal,"[100, 90]",100,90,loc7
344,skateboard,#Skateboard*,22,8,4_indirect,goal,"[50, 90]",50,90,loc6
345,dumbbell,#=Dumbbell^*,22,1,1_direct,start,"[50, 130]",50,130,loc2
346,windmill,#=Windmill^*,22,2,1_indirect,start,"[100, 130]",100,130,loc3
347,teddybear,#=Teddybear*,22,3,2_direct,start,"[0, 90]",0,90,loc5
348,ornament,#=Ornament^*,22,4,2_indirect,start,"[150, 90]",150,90,loc8
349,candlestick,#Candlestick*,22,5,3_direct,start,"[50, 50]",50,50,loc10
350,globe,#=+Globe(@^*,22,6,3_indirect,start,"[100, 50]",100,50,loc11
351,guitar,#=+Guitar@^*,22,7,4_direct,start,"[100, 0]",100,0,loc15
352,star,#=+.Star(@^*,22,8,4_indirect,start,"[50, 0]",50,0,loc14
353,globe,#=+Globe(@^*,23,1,1_direct,goal,"[150, 50]",150,50,loc12
354,star,#=+.Star(@^*,23,2,1_indirect,goal,"[0, 50]",0,50,loc9
355,guitar,#=+Guitar@^*,23,3,2_direct,goal,"[150, 130]",150,130,loc4
356,teddybear,#=Teddybear*,23,4,2_indirect,goal,"[0, 130]",0,130,loc1
357,skateboard,#Skateboard*,23,5,3_direct,goal,"[150, 0]",150,0,loc16
358,bread,#=+Bread(@^*,23,6,3_indirect,goal,"[0, 0]",0,0,loc13
359,flower,#=+Flower@^*,23,7,4_direct,goal,"[100, 90]",100,90,loc7
360,candlestick,#Candlestick*,23,8,4_indirect,goal,"[50, 90]",50,90,loc6
361,pig,#=+.Pig(@.^*,23,1,1_direct,start,"[50, 130]",50,130,loc2
362,dumbbell,#=Dumbbell^*,23,2,1_indirect,start,"[100, 130]",100,130,loc3
363,television,#Television*,23,3,2_direct,start,"[0, 90]",0,90,loc5
364,windmill,#=Windmill^*,23,4,2_indirect,start,"[150, 90]",150,90,loc8
365,ornament,#=Ornament^*,23,5,3_direct,start,"[50, 50]",50,50,loc10
366,calculator,#Calculator*,23,6,3_indirect,start,"[100, 50]",100,50,loc11
367,snowman,#=Snowman@^*,23,7,4_direct,start,"[100, 0]",100,0,loc15
368,wrench,#=+Wrench@^*,23,8,4_indirect,start,"[50, 0]",50,0,loc14
369,calculator,#Calculator*,24,1,1_direct,goal,"[150, 50]",150,50,loc12
370,star,#=+.Star(@^*,24,2,1_indirect,goal,"[0, 50]",0,50,loc9
371,television,#Television*,24,3,2_direct,goal,"[150, 130]",150,130,loc4
372,wrench,#=+Wrench@^*,24,4,2_indirect,goal,"[0, 130]",0,130,loc1
373,teddybear,#=Teddybear*,24,5,3_direct,goal,"[150, 0]",150,0,loc16
374,ornament,#=Ornament^*,24,6,3_indirect,goal,"[0, 0]",0,0,loc13
375,candlestick,#Candlestick*,24,7,4_direct,goal,"[100, 90]",100,90,loc7
376,windmill,#=Windmill^*,24,8,4_indirect,goal,"[50, 90]",50,90,loc6
377,flower,#=+Flower@^*,24,1,1_direct,start,"[50, 130]",50,130,loc2
378,dumbbell,#=Dumbbell^*,24,2,1_indirect,start,"[100, 130]",100,130,loc3
379,guitar,#=+Guitar@^*,24,3,2_direct,start,"[0, 90]",0,90,loc5
380,pig,#=+.Pig(@.^*,24,4,2_indirect,start,"[150, 90]",150,90,loc8
381,snowman,#=Snowman@^*,24,5,3_direct,start,"[50, 50]",50,50,loc10
382,bread,#=+Bread(@^*,24,6,3_indirect,start,"[100, 50]",100,50,loc11
383,globe,#=+Globe(@^*,24,7,4_direct,start,"[100, 0]",100,0,loc15
384,skateboard,#Skateboard*,24,8,4_indirect,start,"[50, 0]",50,0,loc14
385,guitar,#=+Guitar@^*,25,1,1_direct,goal,"[150, 50]",150,50,loc12
386,teddybear,#=Teddybear*,25,2,1_indirect,goal,"[0, 50]",0,50,loc9
387,globe,#=+Globe(@^*,25,3,2_direct,goal,"[150, 130]",150,130,loc4
388,star,#=+.Star(@^*,25,4,2_indirect,goal,"[0, 130]",0,130,loc1
389,wrench,#=+Wrench@^*,25,5,3_direct,goal,"[150, 0]",150,0,loc16
390,calculator,#Calculator*,25,6,3_indirect,goal,"[0, 0]",0,0,loc13
391,candlestick,#Candlestick*,25,7,4_direct,goal,"[100, 90]",100,90,loc7
392,pig,#=+.Pig(@.^*,25,8,4_indirect,goal,"[50, 90]",50,90,loc6
393,ornament,#=Ornament^*,25,1,1_direct,start,"[50, 130]",50,130,loc2
394,snowman,#=Snowman@^*,25,2,1_indirect,start,"[100, 130]",100,130,loc3
395,flower,#=+Flower@^*,25,3,2_direct,start,"[0, 90]",0,90,loc5
396,dumbbell,#=Dumbbell^*,25,4,2_indirect,start,"[150, 90]",150,90,loc8
397,windmill,#=Windmill^*,25,5,3_direct,start,"[50, 50]",50,50,loc10
398,television,#Television*,25,6,3_indirect,start,"[100, 50]",100,50,loc11
399,bread,#=+Bread(@^*,25,7,4_direct,start,"[100, 0]",100,0,loc15
400,skateboard,#Skateboard*,25,8,4_indirect,start,"[50, 0]",50,0,loc14
401,pig,#=+.Pig(@.^*,26,1,1_direct,goal,"[150, 50]",150,50,loc12
402,globe,#=+Globe(@^*,26,2,1_indirect,goal,"[0, 50]",0,50,loc9
403,teddybear,#=Teddybear*,26,3,2_direct,goal,"[150, 130]",150,130,loc4
404,guitar,#=+Guitar@^*,26,4,2_indirect,goal,"[0, 130]",0,130,loc1
405,wrench,#=+Wrench@^*,26,5,3_direct,goal,"[150, 0]",150,0,loc16
406,windmill,#=Windmill^*,26,6,3_indirect,goal,"[0, 0]",0,0,loc13
407,snowman,#=Snowman@^*,26,7,4_direct,goal,"[100, 90]",100,90,loc7
408,candlestick,#Candlestick*,26,8,4_indirect,goal,"[50, 90]",50,90,loc6
409,dumbbell,#=Dumbbell^*,26,1,1_direct,start,"[50, 130]",50,130,loc2
410,star,#=+.Star(@^*,26,2,1_indirect,start,"[100, 130]",100,130,loc3
411,flower,#=+Flower@^*,26,3,2_direct,start,"[0, 90]",0,90,loc5
412,ornament,#=Ornament^*,26,4,2_indirect,start,"[150, 90]",150,90,loc8
413,bread,#=+Bread(@^*,26,5,3_direct,start,"[50, 50]",50,50,loc10
414,skateboard,#Skateboard*,26,6,3_indirect,start,"[100, 50]",100,50,loc11
415,calculator,#Calculator*,26,7,4_direct,start,"[100, 0]",100,0,loc15
416,television,#Television*,26,8,4_indirect,start,"[50, 0]",50,0,loc14
417,bread,#=+Bread(@^*,27,1,1_direct,goal,"[150, 50]",150,50,loc12
418,windmill,#=Windmill^*,27,2,1_indirect,goal,"[0, 50]",0,50,loc9
419,wrench,#=+Wrench@^*,27,3,2_direct,goal,"[150, 130]",150,130,loc4
420,flower,#=+Flower@^*,27,4,2_indirect,goal,"[0, 130]",0,130,loc1
421,teddybear,#=Teddybear*,27,5,3_direct,goal,"[150, 0]",150,0,loc16
422,dumbbell,#=Dumbbell^*,27,6,3_indirect,goal,"[0, 0]",0,0,loc13
423,calculator,#Calculator*,27,7,4_direct,goal,"[100, 90]",100,90,loc7
424,globe,#=+Globe(@^*,27,8,4_indirect,goal,"[50, 90]",50,90,loc6
425,candlestick,#Candlestick*,27,1,1_direct,start,"[50, 130]",50,130,loc2
426,television,#Television*,27,2,1_indirect,start,"[100, 130]",100,130,loc3
427,skateboard,#Skateboard*,27,3,2_direct,start,"[0, 90]",0,90,loc5
428,guitar,#=+Guitar@^*,27,4,2_indirect,start,"[150, 90]",150,90,loc8
429,snowman,#=Snowman@^*,27,5,3_direct,start,"[50, 50]",50,50,loc10
430,star,#=+.Star(@^*,27,6,3_indirect,start,"[100, 50]",100,50,loc11
431,ornament,#=Ornament^*,27,7,4_direct,start,"[100, 0]",100,0,loc15
432,pig,#=+.Pig(@.^*,27,8,4_indirect,start,"[50, 0]",50,0,loc14
433,dumbbell,#=Dumbbell^*,28,1,1_direct,goal,"[150, 50]",150,50,loc12
434,star,#=+.Star(@^*,28,2,1_indirect,goal,"[0, 50]",0,50,loc9
435,guitar,#=+Guitar@^*,28,3,2_direct,goal,"[150, 130]",150,130,loc4
436,candlestick,#Candlestick*,28,4,2_indirect,goal,"[0, 130]",0,130,loc1
437,television,#Television*,28,5,3_direct,goal,"[150, 0]",150,0,loc16
438,calculator,#Calculator*,28,6,3_indirect,goal,"[0, 0]",0,0,loc13
439,globe,#=+Globe(@^*,28,7,4_direct,goal,"[100, 90]",100,90,loc7
440,ornament,#=Ornament^*,28,8,4_indirect,goal,"[50, 90]",50,90,loc6
441,windmill,#=Windmill^*,28,1,1_direct,start,"[50, 130]",50,130,loc2
442,pig,#=+.Pig(@.^*,28,2,1_indirect,start,"[100, 130]",100,130,loc3
443,skateboard,#Skateboard*,28,3,2_direct,start,"[0, 90]",0,90,loc5
444,wrench,#=+Wrench@^*,28,4,2_indirect,start,"[150, 90]",150,90,loc8
445,teddybear,#=Teddybear*,28,5,3_direct,start,"[50, 50]",50,50,loc10
446,snowman,#=Snowman@^*,28,6,3_indirect,start,"[100, 50]",100,50,loc11
447,bread,#=+Bread(@^*,28,7,4_direct,start,"[100, 0]",100,0,loc15
448,flower,#=+Flower@^*,28,8,4_indirect,start,"[50, 0]",50,0,loc14
449,star,#=+.Star(@^*,29,1,1_direct,goal,"[150, 50]",150,50,loc12
450,bread,#=+Bread(@^*,29,2,1_indirect,goal,"[0, 50]",0,50,loc9
451,dumbbell,#=Dumbbell^*,29,3,2_direct,goal,"[150, 130]",150,130,loc4
452,windmill,#=Windmill^*,29,4,2_indirect,goal,"[0, 130]",0,130,loc1
453,candlestick,#Candlestick*,29,5,3_direct,goal,"[150, 0]",150,0,loc16
454,skateboard,#Skateboard*,29,6,3_indirect,goal,"[0, 0]",0,0,loc13
455,snowman,#=Snowman@^*,29,7,4_direct,goal,"[100, 90]",100,90,loc7
456,calculator,#Calculator*,29,8,4_indirect,goal,"[50, 90]",50,90,loc6
457,globe,#=+Globe(@^*,29,1,1_direct,start,"[50, 130]",50,130,loc2
458,flower,#=+Flower@^*,29,2,1_indirect,start,"[100, 130]",100,130,loc3
459,ornament,#=Ornament^*,29,3,2_direct,start,"[0, 90]",0,90,loc5
460,wrench,#=+Wrench@^*,29,4,2_indirect,start,"[150, 90]",150,90,loc8
461,guitar,#=+Guitar@^*,29,5,3_direct,start,"[50, 50]",50,50,loc10
462,pig,#=+.Pig(@.^*,29,6,3_indirect,start,"[100, 50]",100,50,loc11
463,teddybear,#=Teddybear*,29,7,4_direct,start,"[100, 0]",100,0,loc15
464,television,#Television*,29,8,4_indirect,start,"[50, 0]",50,0,loc14
465,candlestick,#Candlestick*,30,1,1_direct,goal,"[150, 50]",150,50,loc12
466,guitar,#=+Guitar@^*,30,2,1_indirect,goal,"[0, 50]",0,50,loc9
467,pig,#=+.Pig(@.^*,30,3,2_direct,goal,"[150, 130]",150,130,loc4
468,windmill,#=Windmill^*,30,4,2_indirect,goal,"[0, 130]",0,130,loc1
469,television,#Television*,30,5,3_direct,goal,"[150, 0]",150,0,loc16
470,skateboard,#Skateboard*,30,6,3_indirect,goal,"[0, 0]",0,0,loc13
471,star,#=+.Star(@^*,30,7,4_direct,goal,"[100, 90]",100,90,loc7
472,teddybear,#=Teddybear*,30,8,4_indirect,goal,"[50, 90]",50,90,loc6
473,wrench,#=+Wrench@^*,30,1,1_direct,start,"[50, 130]",50,130,loc2
474,bread,#=+Bread(@^*,30,2,1_indirect,start,"[100, 130]",100,130,loc3
475,dumbbell,#=Dumbbell^*,30,3,2_direct,start,"[0, 90]",0,90,loc5
476,ornament,#=Ornament^*,30,4,2_indirect,start,"[150, 90]",150,90,loc8
477,globe,#=+Globe(@^*,30,5,3_direct,start,"[50, 50]",50,50,loc10
478,snowman,#=Snowman@^*,30,6,3_indirect,start,"[100, 50]",100,50,loc11
479,flower,#=+Flower@^*,30,7,4_direct,start,"[100, 0]",100,0,loc15
480,calculator,#Calculator*,30,8,4_indirect,start,"[50, 0]",50,0,loc14
481,calculator,#Calculator*,31,1,1_direct,goal,"[150, 50]",150,50,loc12
482,skateboard,#Skateboard*,31,2,1_indirect,goal,"[0, 50]",0,50,loc9
483,wrench,#=+Wrench@^*,31,3,2_direct,goal,"[150, 130]",150,130,loc4
484,windmill,#=Windmill^*,31,4,2_indirect,goal,"[0, 130]",0,130,loc1
485,dumbbell,#=Dumbbell^*,31,5,3_direct,goal,"[150, 0]",150,0,loc16
486,bread,#=+Bread(@^*,31,6,3_indirect,goal,"[0, 0]",0,0,loc13
487,pig,#=+.Pig(@.^*,31,7,4_direct,goal,"[100, 90]",100,90,loc7
488,ornament,#=Ornament^*,31,8,4_indirect,goal,"[50, 90]",50,90,loc6
489,star,#=+.Star(@^*,31,1,1_direct,start,"[50, 130]",50,130,loc2
490,guitar,#=+Guitar@^*,31,2,1_indirect,start,"[100, 130]",100,130,loc3
491,flower,#=+Flower@^*,31,3,2_direct,start,"[0, 90]",0,90,loc5
492,teddybear,#=Teddybear*,31,4,2_indirect,start,"[150, 90]",150,90,loc8
493,candlestick,#Candlestick*,31,5,3_direct,start,"[50, 50]",50,50,loc10
494,television,#Television*,31,6,3_indirect,start,"[100, 50]",100,50,loc11
495,globe,#=+Globe(@^*,31,7,4_direct,start,"[100, 0]",100,0,loc15
496,snowman,#=Snowman@^*,31,8,4_indirect,start,"[50, 0]",50,0,loc14
497,pig,#=+.Pig(@.^*,32,1,1_direct,goal,"[150, 50]",150,50,loc12
498,candlestick,#Candlestick*,32,2,1_indirect,goal,"[0, 50]",0,50,loc9
499,television,#Television*,32,3,2_direct,goal,"[150, 130]",150,130,loc4
500,bread,#=+Bread(@^*,32,4,2_indirect,goal,"[0, 130]",0,130,loc1
501,snowman,#=Snowman@^*,32,5,3_direct,goal,"[150, 0]",150,0,loc16
502,star,#=+.Star(@^*,32,6,3_indirect,goal,"[0, 0]",0,0,loc13
503,ornament,#=Ornament^*,32,7,4_direct,goal,"[100, 90]",100,90,loc7
504,guitar,#=+Guitar@^*,32,8,4_indirect,goal,"[50, 90]",50,90,loc6
505,windmill,#=Windmill^*,32,1,1_direct,start,"[50, 130]",50,130,loc2
506,dumbbell,#=Dumbbell^*,32,2,1_indirect,start,"[100, 130]",100,130,loc3
507,globe,#=+Globe(@^*,32,3,2_direct,start,"[0, 90]",0,90,loc5
508,calculator,#Calculator*,32,4,2_indirect,start,"[150, 90]",150,90,loc8
509,flower,#=+Flower@^*,32,5,3_direct,start,"[50, 50]",50,50,loc10
510,teddybear,#=Teddybear*,32,6,3_indirect,start,"[100, 50]",100,50,loc11
511,skateboard,#Skateboard*,32,7,4_direct,start,"[100, 0]",100,0,loc15
512,wrench,#=+Wrench@^*,32,8,4_indirect,start,"[50, 0]",50,0,loc14
513,guitar,#=+Guitar@^*,33,1,1_direct,goal,"[150, 50]",150,50,loc12
514,skateboard,#Skateboard*,33,2,1_indirect,goal,"[0, 50]",0,50,loc9
515,television,#Television*,33,3,2_direct,goal,"[150, 130]",150,130,loc4
516,ornament,#=Ornament^*,33,4,2_indirect,goal,"[0, 130]",0,130,loc1
517,flower,#=+Flower@^*,33,5,3_direct,goal,"[150, 0]",150,0,loc16
518,snowman,#=Snowman@^*,33,6,3_indirect,goal,"[0, 0]",0,0,loc13
519,calculator,#Calculator*,33,7,4_direct,goal,"[100, 90]",100,90,loc7
520,star,#=+.Star(@^*,33,8,4_indirect,goal,"[50, 90]",50,90,loc6
521,teddybear,#=Teddybear*,33,1,1_direct,start,"[50, 130]",50,130,loc2
522,candlestick,#Candlestick*,33,2,1_indirect,start,"[100, 130]",100,130,loc3
523,bread,#=+Bread(@^*,33,3,2_direct,start,"[0, 90]",0,90,loc5
524,pig,#=+.Pig(@.^*,33,4,2_indirect,start,"[150, 90]",150,90,loc8
525,wrench,#=+Wrench@^*,33,5,3_direct,start,"[50, 50]",50,50,loc10
526,globe,#=+Globe(@^*,33,6,3_indirect,start,"[100, 50]",100,50,loc11
527,dumbbell,#=Dumbbell^*,33,7,4_direct,start,"[100, 0]",100,0,loc15
528,windmill,#=Windmill^*,33,8,4_indirect,start,"[50, 0]",50,0,loc14
529,globe,#=+Globe(@^*,34,1,1_direct,goal,"[150, 50]",150,50,loc12
530,television,#Television*,34,2,1_indirect,goal,"[0, 50]",0,50,loc9
531,snowman,#=Snowman@^*,34,3,2_direct,goal,"[150, 130]",150,130,loc4
532,ornament,#=Ornament^*,34,4,2_indirect,goal,"[0, 130]",0,130,loc1
533,candlestick,#Candlestick*,34,5,3_direct,goal,"[150, 0]",150,0,loc16
534,star,#=+.Star(@^*,34,6,3_indirect,goal,"[0, 0]",0,0,loc13
535,wrench,#=+Wrench@^*,34,7,4_direct,goal,"[100, 90]",100,90,loc7
536,bread,#=+Bread(@^*,34,8,4_indirect,goal,"[50, 90]",50,90,loc6
537,pig,#=+.Pig(@.^*,34,1,1_direct,start,"[50, 130]",50,130,loc2
538,guitar,#=+Guitar@^*,34,2,1_indirect,start,"[100, 130]",100,130,loc3
539,teddybear,#=Teddybear*,34,3,2_direct,start,"[0, 90]",0,90,loc5
540,dumbbell,#=Dumbbell^*,34,4,2_indirect,start,"[150, 90]",150,90,loc8
541,windmill,#=Windmill^*,34,5,3_direct,start,"[50, 50]",50,50,loc10
542,skateboard,#Skateboard*,34,6,3_indirect,start,"[100, 50]",100,50,loc11
543,flower,#=+Flower@^*,34,7,4_direct,start,"[100, 0]",100,0,loc15
544,calculator,#Calculator*,34,8,4_indirect,start,"[50, 0]",50,0,loc14
545,wrench,#=+Wrench@^*,35,1,1_direct,goal,"[150, 50]",150,50,loc12
546,television,#Television*,35,2,1_indirect,goal,"[0, 50]",0,50,loc9
547,dumbbell,#=Dumbbell^*,35,3,2_direct,goal,"[150, 130]",150,130,loc4
548,skateboard,#Skateboard*,35,4,2_indirect,goal,"[0, 130]",0,130,loc1
549,star,#=+.Star(@^*,35,5,3_direct,goal,"[150, 0]",150,0,loc16
550,windmill,#=Windmill^*,35,6,3_indirect,goal,"[0, 0]",0,0,loc13
551,globe,#=+Globe(@^*,35,7,4_direct,goal,"[100, 90]",100,90,loc7
552,bread,#=+Bread(@^*,35,8,4_indirect,goal,"[50, 90]",50,90,loc6
553,calculator,#Calculator*,35,1,1_direct,start,"[50, 130]",50,130,loc2
554,ornament,#=Ornament^*,35,2,1_indirect,start,"[100, 130]",100,130,loc3
555,guitar,#=+Guitar@^*,35,3,2_direct,start,"[0, 90]",0,90,loc5
556,teddybear,#=Teddybear*,35,4,2_indirect,start,"[150, 90]",150,90,loc8
557,flower,#=+Flower@^*,35,5,3_direct,start,"[50, 50]",50,50,loc10
558,snowman,#=Snowman@^*,35,6,3_indirect,start,"[100, 50]",100,50,loc11
559,pig,#=+.Pig(@.^*,35,7,4_direct,start,"[100, 0]",100,0,loc15
560,candlestick,#Candlestick*,35,8,4_indirect,start,"[50, 0]",50,0,loc14
561,guitar,#=+Guitar@^*,36,1,1_direct,goal,"[150, 50]",150,50,loc12
562,star,#=+.Star(@^*,36,2,1_indirect,goal,"[0, 50]",0,50,loc9
563,wrench,#=+Wrench@^*,36,3,2_direct,goal,"[150, 130]",150,130,loc4
564,flower,#=+Flower@^*,36,4,2_indirect,goal,"[0, 130]",0,130,loc1
565,globe,#=+Globe(@^*,36,5,3_direct,goal,"[150, 0]",150,0,loc16
566,ornament,#=Ornament^*,36,6,3_indirect,goal,"[0, 0]",0,0,loc13
567,pig,#=+.Pig(@.^*,36,7,4_direct,goal,"[100, 90]",100,90,loc7
568,windmill,#=Windmill^*,36,8,4_indirect,goal,"[50, 90]",50,90,loc6
569,dumbbell,#=Dumbbell^*,36,1,1_direct,start,"[50, 130]",50,130,loc2
570,calculator,#Calculator*,36,2,1_indirect,start,"[100, 130]",100,130,loc3
571,teddybear,#=Teddybear*,36,3,2_direct,start,"[0, 90]",0,90,loc5
572,skateboard,#Skateboard*,36,4,2_indirect,start,"[150, 90]",150,90,loc8
573,television,#Television*,36,5,3_direct,start,"[50, 50]",50,50,loc10
574,candlestick,#Candlestick*,36,6,3_indirect,start,"[100, 50]",100,50,loc11
575,bread,#=+Bread(@^*,36,7,4_direct,start,"[100, 0]",100,0,loc15
576,snowman,#=Snowman@^*,36,8,4_indirect,start,"[50, 0]",50,0,loc14
577,windmill,#=Windmill^*,37,1,1_direct,goal,"[150, 50]",150,50,loc12
578,wrench,#=+Wrench@^*,37,2,1_indirect,goal,"[0, 50]",0,50,loc9
579,pig,#=+.Pig(@.^*,37,3,2_direct,goal,"[150, 130]",150,130,loc4
580,globe,#=+Globe(@^*,37,4,2_indirect,goal,"[0, 130]",0,130,loc1
581,teddybear,#=Teddybear*,37,5,3_direct,goal,"[150, 0]",150,0,loc16
582,calculator,#Calculator*,37,6,3_indirect,goal,"[0, 0]",0,0,loc13
583,bread,#=+Bread(@^*,37,7,4_direct,goal,"[100, 90]",100,90,loc7
584,candlestick,#Candlestick*,37,8,4_indirect,goal,"[50, 90]",50,90,loc6
585,snowman,#=Snowman@^*,37,1,1_direct,start,"[50, 130]",50,130,loc2
586,guitar,#=+Guitar@^*,37,2,1_indirect,start,"[100, 130]",100,130,loc3
587,skateboard,#Skateboard*,37,3,2_direct,start,"[0, 90]",0,90,loc5
588,ornament,#=Ornament^*,37,4,2_indirect,start,"[150, 90]",150,90,loc8
589,television,#Television*,37,5,3_direct,start,"[50, 50]",50,50,loc10
590,dumbbell,#=Dumbbell^*,37,6,3_indirect,start,"[100, 50]",100,50,loc11
591,star,#=+.Star(@^*,37,7,4_direct,start,"[100, 0]",100,0,loc15
592,flower,#=+Flower@^*,37,8,4_indirect,start,"[50, 0]",50,0,loc14
593,ornament,#=Ornament^*,38,1,1_direct,goal,"[150, 50]",150,50,loc12
594,guitar,#=+Guitar@^*,38,2,1_indirect,goal,"[0, 50]",0,50,loc9
595,pig,#=+.Pig(@.^*,38,3,2_direct,goal,"[150, 130]",150,130,loc4
596,television,#Television*,38,4,2_indirect,goal,"[0, 130]",0,130,loc1
597,dumbbell,#=Dumbbell^*,38,5,3_direct,goal,"[150, 0]",150,0,loc16
598,wrench,#=+Wrench@^*,38,6,3_indirect,goal,"[0, 0]",0,0,loc13
599,globe,#=+Globe(@^*,38,7,4_direct,goal,"[100, 90]",100,90,loc7
600,star,#=+.Star(@^*,38,8,4_indirect,goal,"[50, 90]",50,90,loc6
601,candlestick,#Candlestick*,38,1,1_direct,start,"[50, 130]",50,130,loc2
602,bread,#=+Bread(@^*,38,2,1_indirect,start,"[100, 130]",100,130,loc3
603,calculator,#Calculator*,38,3,2_direct,start,"[0, 90]",0,90,loc5
604,flower,#=+Flower@^*,38,4,2_indirect,start,"[150, 90]",150,90,loc8
605,windmill,#=Windmill^*,38,5,3_direct,start,"[50, 50]",50,50,loc10
606,teddybear,#=Teddybear*,38,6,3_indirect,start,"[100, 50]",100,50,loc11
607,snowman,#=Snowman@^*,38,7,4_direct,start,"[100, 0]",100,0,loc15
608,skateboard,#Skateboard*,38,8,4_indirect,start,"[50, 0]",50,0,loc14
609,windmill,#=Windmill^*,39,1,1_direct,goal,"[150, 50]",150,50,loc12
610,skateboard,#Skateboard*,39,2,1_indirect,goal,"[0, 50]",0,50,loc9
611,ornament,#=Ornament^*,39,3,2_direct,goal,"[150, 130]",150,130,loc4
612,pig,#=+.Pig(@.^*,39,4,2_indirect,goal,"[0, 130]",0,130,loc1
613,snowman,#=Snowman@^*,39,5,3_direct,goal,"[150, 0]",150,0,loc16
614,candlestick,#Candlestick*,39,6,3_indirect,goal,"[0, 0]",0,0,loc13
615,star,#=+.Star(@^*,39,7,4_direct,goal,"[100, 90]",100,90,loc7
616,wrench,#=+Wrench@^*,39,8,4_indirect,goal,"[50, 90]",50,90,loc6
617,globe,#=+Globe(@^*,39,1,1_direct,start,"[50, 130]",50,130,loc2
618,teddybear,#=Teddybear*,39,2,1_indirect,start,"[100, 130]",100,130,loc3
619,guitar,#=+Guitar@^*,39,3,2_direct,start,"[0, 90]",0,90,loc5
620,television,#Television*,39,4,2_indirect,start,"[150, 90]",150,90,loc8
621,calculator,#Calculator*,39,5,3_direct,start,"[50, 50]",50,50,loc10
622,dumbbell,#=Dumbbell^*,39,6,3_indirect,start,"[100, 50]",100,50,loc11
623,flower,#=+Flower@^*,39,7,4_direct,start,"[100, 0]",100,0,loc15
624,bread,#=+Bread(@^*,39,8,4_indirect,start,"[50, 0]",50,0,loc14
625,ornament,#=Ornament^*,40,1,1_direct,goal,"[150, 50]",150,50,loc12
626,dumbbell,#=Dumbbell^*,40,2,1_indirect,goal,"[0, 50]",0,50,loc9
627,calculator,#Calculator*,40,3,2_direct,goal,"[150, 130]",150,130,loc4
628,wrench,#=+Wrench@^*,40,4,2_indirect,goal,"[0, 130]",0,130,loc1
629,skateboard,#Skateboard*,40,5,3_direct,goal,"[150, 0]",150,0,loc16
630,windmill,#=Windmill^*,40,6,3_indirect,goal,"[0, 0]",0,0,loc13
631,teddybear,#=Teddybear*,40,7,4_direct,goal,"[100, 90]",100,90,loc7
632,guitar,#=+Guitar@^*,40,8,4_indirect,goal,"[50, 90]",50,90,loc6
633,bread,#=+Bread(@^*,40,1,1_direct,start,"[50, 130]",50,130,loc2
634,television,#Television*,40,2,1_indirect,start,"[100, 130]",100,130,loc3
635,snowman,#=Snowman@^*,40,3,2_direct,start,"[0, 90]",0,90,loc5
636,star,#=+.Star(@^*,40,4,2_indirect,start,"[150, 90]",150,90,loc8
637,globe,#=+Globe(@^*,40,5,3_direct,start,"[50, 50]",50,50,loc10
638,pig,#=+.Pig(@.^*,40,6,3_indirect,start,"[100, 50]",100,50,loc11
639,flower,#=+Flower@^*,40,7,4_direct,start,"[100, 0]",100,0,loc15
640,candlestick,#Candlestick*,40,8,4_indirect,start,"[50, 0]",50,0,loc14
641,guitar,#=+Guitar@^*,41,1,1_direct,goal,"[150, 50]",150,50,loc12
642,candlestick,#Candlestick*,41,2,1_indirect,goal,"[0, 50]",0,50,loc9
643,television,#Television*,41,3,2_direct,goal,"[150, 130]",150,130,loc4
644,star,#=+.Star(@^*,41,4,2_indirect,goal,"[0, 130]",0,130,loc1
645,pig,#=+.Pig(@.^*,41,5,3_direct,goal,"[150, 0]",150,0,loc16
646,teddybear,#=Teddybear*,41,6,3_indirect,goal,"[0, 0]",0,0,loc13
647,ornament,#=Ornament^*,41,7,4_direct,goal,"[100, 90]",100,90,loc7
648,flower,#=+Flower@^*,41,8,4_indirect,goal,"[50, 90]",50,90,loc6
649,globe,#=+Globe(@^*,41,1,1_direct,start,"[50, 130]",50,130,loc2
650,dumbbell,#=Dumbbell^*,41,2,1_indirect,start,"[100, 130]",100,130,loc3
651,bread,#=+Bread(@^*,41,3,2_direct,start,"[0, 90]",0,90,loc5
652,windmill,#=Windmill^*,41,4,2_indirect,start,"[150, 90]",150,90,loc8
653,skateboard,#Skateboard*,41,5,3_direct,start,"[50, 50]",50,50,loc10
654,snowman,#=Snowman@^*,41,6,3_indirect,start,"[100, 50]",100,50,loc11
655,calculator,#Calculator*,41,7,4_direct,start,"[100, 0]",100,0,loc15
656,wrench,#=+Wrench@^*,41,8,4_indirect,start,"[50, 0]",50,0,loc14
657,windmill,#=Windmill^*,42,1,1_direct,goal,"[150, 50]",150,50,loc12
658,wrench,#=+Wrench@^*,42,2,1_indirect,goal,"[0, 50]",0,50,loc9
659,teddybear,#=Teddybear*,42,3,2_direct,goal,"[150, 130]",150,130,loc4
660,television,#Television*,42,4,2_indirect,goal,"[0, 130]",0,130,loc1
661,dumbbell,#=Dumbbell^*,42,5,3_direct,goal,"[150, 0]",150,0,loc16
662,ornament,#=Ornament^*,42,6,3_indirect,goal,"[0, 0]",0,0,loc13
663,flower,#=+Flower@^*,42,7,4_direct,goal,"[100, 90]",100,90,loc7
664,guitar,#=+Guitar@^*,42,8,4_indirect,goal,"[50, 90]",50,90,loc6
665,candlestick,#Candlestick*,42,1,1_direct,start,"[50, 130]",50,130,loc2
666,globe,#=+Globe(@^*,42,2,1_indirect,start,"[100, 130]",100,130,loc3
667,calculator,#Calculator*,42,3,2_direct,start,"[0, 90]",0,90,loc5
668,skateboard,#Skateboard*,42,4,2_indirect,start,"[150, 90]",150,90,loc8
669,bread,#=+Bread(@^*,42,5,3_direct,start,"[50, 50]",50,50,loc10
670,star,#=+.Star(@^*,42,6,3_indirect,start,"[100, 50]",100,50,loc11
671,snowman,#=Snowman@^*,42,7,4_direct,start,"[100, 0]",100,0,loc15
672,pig,#=+.Pig(@.^*,42,8,4_indirect,start,"[50, 0]",50,0,loc14
673,dumbbell,#=Dumbbell^*,43,1,1_direct,goal,"[150, 50]",150,50,loc12
674,bread,#=+Bread(@^*,43,2,1_indirect,goal,"[0, 50]",0,50,loc9
675,guitar,#=+Guitar@^*,43,3,2_direct,goal,"[150, 130]",150,130,loc4
676,wrench,#=+Wrench@^*,43,4,2_indirect,goal,"[0, 130]",0,130,loc1
677,ornament,#=Ornament^*,43,5,3_direct,goal,"[150, 0]",150,0,loc16
678,pig,#=+.Pig(@.^*,43,6,3_indirect,goal,"[0, 0]",0,0,loc13
679,snowman,#=Snowman@^*,43,7,4_direct,goal,"[100, 90]",100,90,loc7
680,teddybear,#=Teddybear*,43,8,4_indirect,goal,"[50, 90]",50,90,loc6
681,candlestick,#Candlestick*,43,1,1_direct,start,"[50, 130]",50,130,loc2
682,star,#=+.Star(@^*,43,2,1_indirect,start,"[100, 130]",100,130,loc3
683,globe,#=+Globe(@^*,43,3,2_direct,start,"[0, 90]",0,90,loc5
684,flower,#=+Flower@^*,43,4,2_indirect,start,"[150, 90]",150,90,loc8
685,skateboard,#Skateboard*,43,5,3_direct,start,"[50, 50]",50,50,loc10
686,television,#Television*,43,6,3_indirect,start,"[100, 50]",100,50,loc11
687,calculator,#Calculator*,43,7,4_direct,start,"[100, 0]",100,0,loc15
688,windmill,#=Windmill^*,43,8,4_indirect,start,"[50, 0]",50,0,loc14
689,calculator,#Calculator*,44,1,1_direct,goal,"[150, 50]",150,50,loc12
690,globe,#=+Globe(@^*,44,2,1_indirect,goal,"[0, 50]",0,50,loc9
691,candlestick,#Candlestick*,44,3,2_direct,goal,"[150, 130]",150,130,loc4
692,snowman,#=Snowman@^*,44,4,2_indirect,goal,"[0, 130]",0,130,loc1
693,guitar,#=+Guitar@^*,44,5,3_direct,goal,"[150, 0]",150,0,loc16
694,skateboard,#Skateboard*,44,6,3_indirect,goal,"[0, 0]",0,0,loc13
695,pig,#=+.Pig(@.^*,44,7,4_direct,goal,"[100, 90]",100,90,loc7
696,teddybear,#=Teddybear*,44,8,4_indirect,goal,"[50, 90]",50,90,loc6
697,dumbbell,#=Dumbbell^*,44,1,1_direct,start,"[50, 130]",50,130,loc2
698,windmill,#=Windmill^*,44,2,1_indirect,start,"[100, 130]",100,130,loc3
699,ornament,#=Ornament^*,44,3,2_direct,start,"[0, 90]",0,90,loc5
700,bread,#=+Bread(@^*,44,4,2_indirect,start,"[150, 90]",150,90,loc8
701,television,#Television*,44,5,3_direct,start,"[50, 50]",50,50,loc10
702,star,#=+.Star(@^*,44,6,3_indirect,start,"[100, 50]",100,50,loc11
703,flower,#=+Flower@^*,44,7,4_direct,start,"[100, 0]",100,0,loc15
704,wrench,#=+Wrench@^*,44,8,4_indirect,start,"[50, 0]",50,0,loc14
705,wrench,#=+Wrench@^*,45,1,1_direct,goal,"[150, 50]",150,50,loc12
706,television,#Television*,45,2,1_indirect,goal,"[0, 50]",0,50,loc9
707,globe,#=+Globe(@^*,45,3,2_direct,goal,"[150, 130]",150,130,loc4
708,guitar,#=+Guitar@^*,45,4,2_indirect,goal,"[0, 130]",0,130,loc1
709,dumbbell,#=Dumbbell^*,45,5,3_direct,goal,"[150, 0]",150,0,loc16
710,teddybear,#=Teddybear*,45,6,3_indirect,goal,"[0, 0]",0,0,loc13
711,skateboard,#Skateboard*,45,7,4_direct,goal,"[100, 90]",100,90,loc7
712,star,#=+.Star(@^*,45,8,4_indirect,goal,"[50, 90]",50,90,loc6
713,candlestick,#Candlestick*,45,1,1_direct,start,"[50, 130]",50,130,loc2
714,calculator,#Calculator*,45,2,1_indirect,start,"[100, 130]",100,130,loc3
715,windmill,#=Windmill^*,45,3,2_direct,start,"[0, 90]",0,90,loc5
716,pig,#=+.Pig(@.^*,45,4,2_indirect,start,"[150, 90]",150,90,loc8
717,snowman,#=Snowman@^*,45,5,3_direct,start,"[50, 50]",50,50,loc10
718,flower,#=+Flower@^*,45,6,3_indirect,start,"[100, 50]",100,50,loc11
719,ornament,#=Ornament^*,45,7,4_direct,start,"[100, 0]",100,0,loc15
720,bread,#=+Bread(@^*,45,8,4_indirect,start,"[50, 0]",50,0,loc14
721,wrench,#=+Wrench@^*,46,1,1_direct,goal,"[150, 50]",150,50,loc12
722,star,#=+.Star(@^*,46,2,1_indirect,goal,"[0, 50]",0,50,loc9
723,flower,#=+Flower@^*,46,3,2_direct,goal,"[150, 130]",150,130,loc4
724,calculator,#Calculator*,46,4,2_indirect,goal,"[0, 130]",0,130,loc1
725,globe,#=+Globe(@^*,46,5,3_direct,goal,"[150, 0]",150,0,loc16
726,candlestick,#Candlestick*,46,6,3_indirect,goal,"[0, 0]",0,0,loc13
727,teddybear,#=Teddybear*,46,7,4_direct,goal,"[100, 90]",100,90,loc7
728,guitar,#=+Guitar@^*,46,8,4_indirect,goal,"[50, 90]",50,90,loc6
729,snowman,#=Snowman@^*,46,1,1_direct,start,"[50, 130]",50,130,loc2
730,ornament,#=Ornament^*,46,2,1_indirect,start,"[100, 130]",100,130,loc3
731,dumbbell,#=Dumbbell^*,46,3,2_direct,start,"[0, 90]",0,90,loc5
732,pig,#=+.Pig(@.^*,46,4,2_indirect,start,"[150, 90]",150,90,loc8
733,windmill,#=Windmill^*,46,5,3_direct,start,"[50, 50]",50,50,loc10
734,skateboard,#Skateboard*,46,6,3_indirect,start,"[100, 50]",100,50,loc11
735,television,#Television*,46,7,4_direct,start,"[100, 0]",100,0,loc15
736,bread,#=+Bread(@^*,46,8,4_indirect,start,"[50, 0]",50,0,loc14
737,skateboard,#Skateboard*,47,1,1_direct,goal,"[150, 50]",150,50,loc12
738,star,#=+.Star(@^*,47,2,1_indirect,goal,"[0, 50]",0,50,loc9
739,calculator,#Calculator*,47,3,2_direct,goal,"[150, 130]",150,130,loc4
740,flower,#=+Flower@^*,47,4,2_indirect,goal,"[0, 130]",0,130,loc1
741,dumbbell,#=Dumbbell^*,47,5,3_direct,goal,"[150, 0]",150,0,loc16
742,television,#Television*,47,6,3_indirect,goal,"[0, 0]",0,0,loc13
743,guitar,#=+Guitar@^*,47,7,4_direct,goal,"[100, 90]",100,90,loc7
744,wrench,#=+Wrench@^*,47,8,4_indirect,goal,"[50, 90]",50,90,loc6
745,windmill,#=Windmill^*,47,1,1_direct,start,"[50, 130]",50,130,loc2
746,candlestick,#Candlestick*,47,2,1_indirect,start,"[100, 130]",100,130,loc3
747,globe,#=+Globe(@^*,47,3,2_direct,start,"[0, 90]",0,90,loc5
748,snowman,#=Snowman@^*,47,4,2_indirect,start,"[150, 90]",150,90,loc8
749,bread,#=+Bread(@^*,47,5,3_direct,start,"[50, 50]",50,50,loc10
750,ornament,#=Ornament^*,47,6,3_indirect,start,"[100, 50]",100,50,loc11
751,teddybear,#=Teddybear*,47,7,4_direct,start,"[100, 0]",100,0,loc15
752,pig,#=+.Pig(@.^*,47,8,4_indirect,start,"[50, 0]",50,0,loc14
753,globe,#=+Globe(@^*,48,1,1_direct,goal,"[150, 50]",150,50,loc12
754,ornament,#=Ornament^*,48,2,1_indirect,goal,"[0, 50]",0,50,loc9
755,teddybear,#=Teddybear*,48,3,2_direct,goal,"[150, 130]",150,130,loc4
756,star,#=+.Star(@^*,48,4,2_indirect,goal,"[0, 130]",0,130,loc1
757,pig,#=+.Pig(@.^*,48,5,3_direct,goal,"[150, 0]",150,0,loc16
758,guitar,#=+Guitar@^*,48,6,3_indirect,goal,"[0, 0]",0,0,loc13
759,bread,#=+Bread(@^*,48,7,4_direct,goal,"[100, 90]",100,90,loc7
760,flower,#=+Flower@^*,48,8,4_indirect,goal,"[50, 90]",50,90,loc6
761,television,#Television*,48,1,1_direct,start,"[50, 130]",50,130,loc2
762,snowman,#=Snowman@^*,48,2,1_indirect,start,"[100, 130]",100,130,loc3
763,windmill,#=Windmill^*,48,3,2_direct,start,"[0, 90]",0,90,loc5
764,candlestick,#Candlestick*,48,4,2_indirect,start,"[150, 90]",150,90,loc8
765,calculator,#Calculator*,48,5,3_direct,start,"[50, 50]",50,50,loc10
766,wrench,#=+Wrench@^*,48,6,3_indirect,start,"[100, 50]",100,50,loc11
767,dumbbell,#=Dumbbell^*,48,7,4_direct,start,"[100, 0]",100,0,loc15
768,skateboard,#Skateboard*,48,8,4_indirect,start,"[50, 0]",50,0,loc14
769,television,#Television*,49,1,1_direct,goal,"[150, 50]",150,50,loc12
770,globe,#=+Globe(@^*,49,2,1_indirect,goal,"[0, 50]",0,50,loc9
771,candlestick,#Candlestick*,49,3,2_direct,goal,"[150, 130]",150,130,loc4
772,calculator,#Calculator*,49,4,2_indirect,goal,"[0, 130]",0,130,loc1
773,star,#=+.Star(@^*,49,5,3_direct,goal,"[150, 0]",150,0,loc16
774,pig,#=+.Pig(@.^*,49,6,3_indirect,goal,"[0, 0]",0,0,loc13
775,skateboard,#Skateboard*,49,7,4_direct,goal,"[100, 90]",100,90,loc7
776,wrench,#=+Wrench@^*,49,8,4_indirect,goal,"[50, 90]",50,90,loc6
777,guitar,#=+Guitar@^*,49,1,1_direct,start,"[50, 130]",50,130,loc2
778,ornament,#=Ornament^*,49,2,1_indirect,start,"[100, 130]",100,130,loc3
779,snowman,#=Snowman@^*,49,3,2_direct,start,"[0, 90]",0,90,loc5
780,bread,#=+Bread(@^*,49,4,2_indirect,start,"[150, 90]",150,90,loc8
781,teddybear,#=Teddybear*,49,5,3_direct,start,"[50, 50]",50,50,loc10
782,flower,#=+Flower@^*,49,6,3_indirect,start,"[100, 50]",100,50,loc11
783,dumbbell,#=Dumbbell^*,49,7,4_direct,start,"[100, 0]",100,0,loc15
784,windmill,#=Windmill^*,49,8,4_indirect,start,"[50, 0]",50,0,loc14
785,windmill,#=Windmill^*,50,1,1_direct,goal,"[150, 50]",150,50,loc12
786,television,#Television*,50,2,1_indirect,goal,"[0, 50]",0,50,loc9
787,ornament,#=Ornament^*,50,3,2_direct,goal,"[150, 130]",150,130,loc4
788,flower,#=+Flower@^*,50,4,2_indirect,goal,"[0, 130]",0,130,loc1
789,pig,#=+.Pig(@.^*,50,5,3_direct,goal,"[150, 0]",150,0,loc16
790,dumbbell,#=Dumbbell^*,50,6,3_indirect,goal,"[0, 0]",0,0,loc13
791,calculator,#Calculator*,50,7,4_direct,goal,"[100, 90]",100,90,loc7
792,bread,#=+Bread(@^*,50,8,4_indirect,goal,"[50, 90]",50,90,loc6
793,skateboard,#Skateboard*,50,1,1_direct,start,"[50, 130]",50,130,loc2
794,star,#=+.Star(@^*,50,2,1_indirect,start,"[100, 130]",100,130,loc3
795,teddybear,#=Teddybear*,50,3,2_direct,start,"[0, 90]",0,90,loc5
796,guitar,#=+Guitar@^*,50,4,2_indirect,start,"[150, 90]",150,90,loc8
797,wrench,#=+Wrench@^*,50,5,3_direct,start,"[50, 50]",50,50,loc10
798,globe,#=+Globe(@^*,50,6,3_indirect,start,"[100, 50]",100,50,loc11
799,candlestick,#Candlestick*,50,7,4_direct,start,"[100, 0]",100,0,loc15
800,snowman,#=Snowman@^*,50,8,4_indirect,start,"[50, 0]",50,0,loc14
801,pig,#=+.Pig(@.^*,51,1,1_direct,goal,"[150,50]",150,50,loc12
802,star,#=+.Star(@^*,51,2,1_indirect,goal,"[0,50]",0,50,loc9
803,snowman,#=Snowman@^*,51,3,2_direct,goal,"[150,130]",150,130,loc4
804,skateboard,#Skateboard*,51,4,2_indirect,goal,"[0,130]",0,130,loc1
805,globe,#=+Globe(@^*,51,5,3_direct,goal,"[150,0]",150,0,loc16
806,guitar,#=+Guitar@^*,51,6,3_indirect,goal,"[0,0]",0,0,loc13
807,teddybear,#=Teddybear*,51,7,4_direct,goal,"[100,90]",100,90,loc7
808,candlestick,#Candlestick*,51,8,4_indirect,goal,"[50,90]",50,90,loc6
809,flower,#=+Flower@^*,51,1,1_direct,start,"[50,130]",50,130,loc2
810,calculator,#Calculator*,51,2,1_indirect,start,"[100,130]",100,130,loc3
811,wrench,#=+Wrench@^*,51,3,2_direct,start,"[0,90]",0,90,loc5
812,ornament,#=Ornament^*,51,4,2_indirect,start,"[150,90]",150,90,loc8
813,windmill,#=Windmill^*,51,5,3_direct,start,"[50,50]",50,50,loc10
814,television,#Television*,51,6,3_indirect,start,"[100,50]",100,50,loc11
815,dumbbell,#=Dumbbell^*,51,7,4_direct,start,"[100,0]",100,0,loc15
816,bread,#=+Bread(@^*,51,8,4_indirect,start,"[50,0]",50,0,loc14